filename,player,path,source_url,width,height
Emiliano_martinez_1.jpg,Emiliano martinez,footballer_dataset\Emiliano_martinez\Emiliano_martinez_1.jpg,https://s.hs-data.com/bilder/spieler/gross/192464.jpg,256,256
Emiliano_martinez_2.jpg,Emiliano martinez,footballer_dataset\Emiliano_martinez\Emiliano_martinez_2.jpg,https://www.playmakerstats.com/img/jogadores/21/793121_ori__20210614221010_emiliano_martinez.png,256,256
Emiliano_martinez_3.jpg,Emiliano martinez,footballer_dataset\Emiliano_martinez\Emiliano_martinez_3.jpg,https://img.a.transfermarkt.technology/portrait/big/707447-1720681061.jpg?lm=1,256,256
Emiliano_martinez_4.jpg,Emiliano martinez,footballer_dataset\Emiliano_martinez\Emiliano_martinez_4.jpg,https://pbs.twimg.com/media/GLe0dQNXoAAxlHh.jpg,256,256
Emiliano_martinez_6.jpg,Emiliano martinez,footballer_dataset\Emiliano_martinez\Emiliano_martinez_6.jpg,https://img.a.transfermarkt.technology/portrait/big/111873-1668180824.jpg?lm=1,256,256
Emiliano_martinez_7.jpg,Emiliano martinez,footballer_dataset\Emiliano_martinez\Emiliano_martinez_7.jpg,https://mundoalbiceleste.com/wp-content/uploads/2024/10/emiliano-martinez-champions-league.jpg,256,256
Emiliano_martinez_8.jpg,Emiliano martinez,footballer_dataset\Emiliano_martinez\Emiliano_martinez_8.jpg,https://ichef.bbci.co.uk/ace/standard/819/cpsprodpb/857f/live/c0c01cb0-5fc0-11ef-af16-43ce508b8080.jpg,256,256
Emiliano_martinez_9.jpg,Emiliano martinez,footballer_dataset\Emiliano_martinez\Emiliano_martinez_9.jpg,https://mundoalbiceleste.com/wp-content/uploads/2024/04/emiliano-martinez-aston-villa-unai-emery.jpg,256,256
Emiliano_martinez_10.jpg,Emiliano martinez,footballer_dataset\Emiliano_martinez\Emiliano_martinez_10.jpg,https://i2-prod.mirror.co.uk/sport/football/news/article28754780.ece/ALTERNATES/n615/0_GettyImages-1449029536.jpg,256,256
Emiliano_martinez_11.jpg,Emiliano martinez,footballer_dataset\Emiliano_martinez\Emiliano_martinez_11.jpg,https://mundoalbiceleste.com/wp-content/uploads/2024/04/emiliano-martinez-aston-villa-penalty-shootout.jpg,256,256
Emiliano_martinez_12.jpg,Emiliano martinez,footballer_dataset\Emiliano_martinez\Emiliano_martinez_12.jpg,https://i.ytimg.com/vi/WOFJ5YHRU9Q/hq720.jpg?sqp=-oaymwEhCK4FEIIDSFryq4qpAxMIARUAAAAAGAElAADIQj0AgKJD&rs=AOn4CLDkeEyXlVJXQaBhi5_3ryxNw8GcxQ,256,256
Emiliano_martinez_13.jpg,Emiliano martinez,footballer_dataset\Emiliano_martinez\Emiliano_martinez_13.jpg,https://www.footballdatabase.eu/images/photos/players/2020-2021/a_150/150335.jpg,256,256
Emiliano_martinez_14.jpg,Emiliano martinez,footballer_dataset\Emiliano_martinez\Emiliano_martinez_14.jpg,https://i.ytimg.com/vi/3rm0-oXXCCY/hq720.jpg?sqp=-oaymwEhCK4FEIIDSFryq4qpAxMIARUAAAAAGAElAADIQj0AgKJD&rs=AOn4CLBS-5YtEewLPzG_jNoXuALofvbQtQ,256,256
Emiliano_martinez_15.jpg,Emiliano martinez,footballer_dataset\Emiliano_martinez\Emiliano_martinez_15.jpg,https://www.the-sun.com/wp-content/uploads/sites/6/2024/08/JW-OFF-PLATFORM-MARTINEZ-23-1.jpg?strip=all&w=620&h=413&crop=1,256,256
Emiliano_martinez_16.jpg,Emiliano martinez,footballer_dataset\Emiliano_martinez\Emiliano_martinez_16.jpg,https://i.ytimg.com/vi/Yboq4oP_wVg/hq720.jpg?sqp=-oaymwEhCK4FEIIDSFryq4qpAxMIARUAAAAAGAElAADIQj0AgKJD&rs=AOn4CLB1HRpRSVNsGnAgz8ms4UomcUMA2Q,256,256
Emiliano_martinez_17.jpg,Emiliano martinez,footballer_dataset\Emiliano_martinez\Emiliano_martinez_17.jpg,https://s.hs-data.com/bilder/spieler/gross/414958.jpg,256,256
Emiliano_martinez_18.jpg,Emiliano martinez,footballer_dataset\Emiliano_martinez\Emiliano_martinez_18.jpg,https://i.ytimg.com/vi/HyQD48ApaWA/hq720.jpg?sqp=-oaymwEhCK4FEIIDSFryq4qpAxMIARUAAAAAGAElAADIQj0AgKJD&rs=AOn4CLBiBm0jEXP54-7GDz7boyrcXUgFjQ,256,256
Emiliano_martinez_19.jpg,Emiliano martinez,footballer_dataset\Emiliano_martinez\Emiliano_martinez_19.jpg,https://i2-prod.mirror.co.uk/incoming/article29288674.ece/ALTERNATES/n615/0_Emiliano-Martinez.png,256,256
Emiliano_martinez_20.jpg,Emiliano martinez,footballer_dataset\Emiliano_martinez\Emiliano_martinez_20.jpg,https://www.shutterstock.com/image-photo/valencia-spain-april-18-emiliano-260nw-1078489796.jpg,256,256
Emiliano_martinez_21.jpg,Emiliano martinez,footballer_dataset\Emiliano_martinez\Emiliano_martinez_21.jpg,https://waverley-street.transforms.svdcdn.com/production/Emiliano-Martinez.jpeg?w=800&h=418&q=82&auto=format&fit=crop&dm=1727225770&s=bbd4ceba30455e7e54a4a072667ac87f,256,256
Emiliano_martinez_22.jpg,Emiliano martinez,footballer_dataset\Emiliano_martinez\Emiliano_martinez_22.jpg,https://www.footballdatabase.eu/images/photos/players/2019-2020/a_150/150335.jpg,256,256
Emiliano_martinez_23.jpg,Emiliano martinez,footballer_dataset\Emiliano_martinez\Emiliano_martinez_23.jpg,https://i2-prod.mirror.co.uk/incoming/article32587882.ece/ALTERNATES/n615/0_Screenshot-2024-04-15-at-100743.jpg,256,256
Emiliano_martinez_24.jpg,Emiliano martinez,footballer_dataset\Emiliano_martinez\Emiliano_martinez_24.jpg,https://cdn.futwiz.com/assets/img/fc25/faces/255340.png?25,256,256
Emiliano_martinez_25.jpg,Emiliano martinez,footballer_dataset\Emiliano_martinez\Emiliano_martinez_25.jpg,https://bookingagentinfo.com/wp-content/uploads/2023/01/Emiliano-Martinez-1.png,256,256
Angel_di_maria_1.jpg,Angel di maria,footballer_dataset\Angel_di_maria\Angel_di_maria_1.jpg,"https://imageio.forbes.com/specials-images/imageserve/582caef5a7ea431d60197681/0x0.jpg?format=jpg&crop=733,733,x11,y52,safe&height=416&width=416&fit=bounds",256,256
Angel_di_maria_2.jpg,Angel di maria,footballer_dataset\Angel_di_maria\Angel_di_maria_2.jpg,https://i.dailymail.co.uk/i/pix/2014/09/06/1409988913305_wps_7_Argentina_s_Angel_Di_Mari.jpg,256,256
Angel_di_maria_3.jpg,Angel di maria,footballer_dataset\Angel_di_maria\Angel_di_maria_3.jpg,https://2img.net/h/resources3.news.com.au/images/2010/12/20/1225973/766147-angel-di-maria.jpg,256,256
Angel_di_maria_4.jpg,Angel di maria,footballer_dataset\Angel_di_maria\Angel_di_maria_4.jpg,https://cdn.images.express.co.uk/img/dynamic/67/590x/1485193_1.jpg,256,256
Angel_di_maria_5.jpg,Angel di maria,footballer_dataset\Angel_di_maria\Angel_di_maria_5.jpg,https://e0.365dm.com/23/02/768x432/skysports-angel-di-maria-juve_6067789.jpg?20230223215232,256,256
Angel_di_maria_6.jpg,Angel di maria,footballer_dataset\Angel_di_maria\Angel_di_maria_6.jpg,https://i.pinimg.com/474x/52/1f/23/521f23a44a6d5603d94ccdad8e41434d.jpg,256,256
Angel_di_maria_7.jpg,Angel di maria,footballer_dataset\Angel_di_maria\Angel_di_maria_7.jpg,https://i.ebayimg.com/images/g/feEAAOSwVatjEwz8/s-l400.jpg,256,256
Angel_di_maria_8.jpg,Angel di maria,footballer_dataset\Angel_di_maria\Angel_di_maria_8.jpg,https://cdn.images.express.co.uk/img/dynamic/67/590x/angel-di-maria-549800.jpg?r=1686998680160,256,256
Angel_di_maria_9.jpg,Angel di maria,footballer_dataset\Angel_di_maria\Angel_di_maria_9.jpg,https://images.mid-day.com/images/images/2014/oct/8Angel-Di-Maria-1.jpg,256,256
Angel_di_maria_10.jpg,Angel di maria,footballer_dataset\Angel_di_maria\Angel_di_maria_10.jpg,https://www.shutterstock.com/image-vector/bandung-indonesia-july-05-2022-600nw-2175097687.jpg,256,256
Angel_di_maria_11.jpg,Angel di maria,footballer_dataset\Angel_di_maria\Angel_di_maria_11.jpg,https://pbs.twimg.com/media/F0VxZK-XsAAUGqm.jpg,256,256
Angel_di_maria_12.jpg,Angel di maria,footballer_dataset\Angel_di_maria\Angel_di_maria_12.jpg,https://cms.ghanasoccernet.com/wp-content/uploads/2022/07/_125838365_ngeldimara.jpeg,256,256
Angel_di_maria_13.jpg,Angel di maria,footballer_dataset\Angel_di_maria\Angel_di_maria_13.jpg,https://i.guim.co.uk/img/static/sys-images/Guardian/Pix/pictures/2014/8/21/1408621874277/Angel-Di-Maria-014.jpg?width=465&dpr=1&s=none&crop=none,256,256
Angel_di_maria_14.jpg,Angel di maria,footballer_dataset\Angel_di_maria\Angel_di_maria_14.jpg,https://i.dailymail.co.uk/i/pix/2014/10/26/1414348303179_wps_40_epa04464959_Manchester_Un.jpg,256,256
Angel_di_maria_15.jpg,Angel di maria,footballer_dataset\Angel_di_maria\Angel_di_maria_15.jpg,https://images.mid-day.com/images/images/2015/mar/3Angel-Di-Maria-1.jpg,256,256
Angel_di_maria_16.jpg,Angel di maria,footballer_dataset\Angel_di_maria\Angel_di_maria_16.jpg,https://cdn.futwiz.com/assets/img/fc25/faces/183898.png,256,256
Angel_di_maria_17.jpg,Angel di maria,footballer_dataset\Angel_di_maria\Angel_di_maria_17.jpg,https://images.fineartamerica.com/images/artworkimages/mediumlarge/1/angel-do-maria-samuel-kelo.jpg,256,256
Angel_di_maria_18.jpg,Angel di maria,footballer_dataset\Angel_di_maria\Angel_di_maria_18.jpg,https://thumbs.coleka.com/media/item/201804/08/fifa-world-cup-russia-2018-angel-di-maria-argentina-283.webp,256,256
Angel_di_maria_19.jpg,Angel di maria,footballer_dataset\Angel_di_maria\Angel_di_maria_19.jpg,https://www.dx84tech.com/wp-content/uploads/2023/11/Angel-di-Maria-by-JONATHAN-FACEMAKER.png,256,256
Angel_di_maria_20.jpg,Angel di maria,footballer_dataset\Angel_di_maria\Angel_di_maria_20.jpg,https://icdn.football-italia.net/wp-content/uploads/2022/08/Angel-Di-Maria-Dusan-Vlahovic-hug.jpg,256,256
Angel_di_maria_21.jpg,Angel di maria,footballer_dataset\Angel_di_maria\Angel_di_maria_21.jpg,https://img.a.transfermarkt.technology/portrait/big/45320-1453896931.jpg?lm=1,256,256
Angel_di_maria_22.jpg,Angel di maria,footballer_dataset\Angel_di_maria\Angel_di_maria_22.jpg,https://i.dailymail.co.uk/i/pix/2014/07/01/article-2676839-1F4F240100000578-270_638x717.jpg,256,256
Angel_di_maria_23.jpg,Angel di maria,footballer_dataset\Angel_di_maria\Angel_di_maria_23.jpg,https://www.euro-soccer-cards.com/73192-large_default/angel-di-maria-argentina-425-wc-brazil-2014.jpg,256,256
Angel_di_maria_24.jpg,Angel di maria,footballer_dataset\Angel_di_maria\Angel_di_maria_24.jpg,https://upload.wikimedia.org/wikipedia/commons/thumb/9/97/Marcos_Rojo_%28L%29%2C_Nicol%C3%A1s_Burdisso_%28M%29%2C_Angel_di_Maria_%28R%29_%E2%80%93_Portugal_vs._Argentina%2C_9th_February_2011_%28cropped%29.jpg/412px-Marcos_Rojo_%28L%29%2C_Nicol%C3%A1s_Burdisso_%28M%29%2C_Angel_di_Maria_%28R%29_%E2%80%93_Portugal_vs._Argentina%2C_9th_February_2011_%28cropped%29.jpg,256,256
Angel_di_maria_25.jpg,Angel di maria,footballer_dataset\Angel_di_maria\Angel_di_maria_25.jpg,https://www.thesun.co.uk/wp-content/uploads/2018/05/nintchdbpict000402487624-e1525277571748.jpg?crop=1680px%2C116px%2C2276px%2C1515px&resize=620%2C413,256,256
Rodrigo_De_Paul_1.jpg,Rodrigo De Paul,footballer_dataset\Rodrigo_De_Paul\Rodrigo_De_Paul_1.jpg,https://upload.wikimedia.org/wikipedia/commons/thumb/0/0a/25th_Laureus_World_Sports_Awards_-_Red_Carpet_-_Rodrigo_de_Paul_-_240422_192702_%28cropped%29.jpg/450px-25th_Laureus_World_Sports_Awards_-_Red_Carpet_-_Rodrigo_de_Paul_-_240422_192702_%28cropped%29.jpg,256,256
Rodrigo_De_Paul_2.jpg,Rodrigo De Paul,footballer_dataset\Rodrigo_De_Paul\Rodrigo_De_Paul_2.jpg,https://eu-images.contentstack.com/v3/assets/blta90d05ad41a54a71/blt58255080382805da/65574ef8ab3cd3040aecdfd9/Rodrigo-De-Paul-Leandro-Paredes-Argentina.png,256,256
Rodrigo_De_Paul_3.jpg,Rodrigo De Paul,footballer_dataset\Rodrigo_De_Paul\Rodrigo_De_Paul_3.jpg,https://img.allfootballapp.com/www/M00/4A/4E/720x-/-/-/CgAGVmWDLnWAFSpkAAEzVgnoecE074.jpg.webp,256,256
Rodrigo_De_Paul_4.jpg,Rodrigo De Paul,footballer_dataset\Rodrigo_De_Paul\Rodrigo_De_Paul_4.jpg,https://pbs.twimg.com/media/GeT4jk1XsAEujTb.jpg,256,256
Rodrigo_De_Paul_5.jpg,Rodrigo De Paul,footballer_dataset\Rodrigo_De_Paul\Rodrigo_De_Paul_5.jpg,https://statico.sportskeeda.com/editor/2022/12/58b10-16699890940872-1920.jpg?w=640,256,256
Rodrigo_De_Paul_6.jpg,Rodrigo De Paul,footballer_dataset\Rodrigo_De_Paul\Rodrigo_De_Paul_6.jpg,https://game-assets.fut.gg/2025/player-item/25-212616.06a0ae6320f813de17e7c8482148c0c366344e2f902f8d8645794c6eab94cb4d.webp?quality=100&width=500,256,256
Rodrigo_De_Paul_7.jpg,Rodrigo De Paul,footballer_dataset\Rodrigo_De_Paul\Rodrigo_De_Paul_7.jpg,https://www.mundodeportivo.com/us/files/image_449_220/files/fp/uploads/2022/10/12/63474f1c09ff9.r_d.546-793.jpeg,256,256
Rodrigo_De_Paul_8.jpg,Rodrigo De Paul,footballer_dataset\Rodrigo_De_Paul\Rodrigo_De_Paul_8.jpg,https://www.mundodeportivo.com/us/files/image_449_220/files/fp/uploads/2022/10/12/63474f1c09ff9.r_d.546-793.jpeg,256,256
Rodrigo_De_Paul_9.jpg,Rodrigo De Paul,footballer_dataset\Rodrigo_De_Paul\Rodrigo_De_Paul_9.jpg,https://img.allfootballapp.com/www/M00/50/98/720x-/-/-/CgAGVmZr3lmAGWzdABaaq1HSuNI346.png.webp,256,256
Rodrigo_De_Paul_10.jpg,Rodrigo De Paul,footballer_dataset\Rodrigo_De_Paul\Rodrigo_De_Paul_10.jpg,https://img.allfootballapp.com/www/M00/3A/1D/720x-/-/-/CgAGVmOghwCAE4a5AAGuzqEL3Kc536.jpg.webp,256,256
Rodrigo_De_Paul_11.jpg,Rodrigo De Paul,footballer_dataset\Rodrigo_De_Paul\Rodrigo_De_Paul_11.jpg,https://www.shutterstock.com/editorial/image-editorial/M2T5M93cN7TfQ6w9NTY0OTU=/lusail-city---rodrigo-de-paul-argentina-550nw-13634020bb.jpg,256,256
Rodrigo_De_Paul_12.jpg,Rodrigo De Paul,footballer_dataset\Rodrigo_De_Paul\Rodrigo_De_Paul_12.jpg,https://sm.imgix.net/21/07/rodrigo-de-paul.jpg,256,256
Rodrigo_De_Paul_13.jpg,Rodrigo De Paul,footballer_dataset\Rodrigo_De_Paul\Rodrigo_De_Paul_13.jpg,https://www.shutterstock.com/image-photo/madrid-spain-12-15-2024-260nw-2564881017.jpg,256,256
Rodrigo_De_Paul_14.jpg,Rodrigo De Paul,footballer_dataset\Rodrigo_De_Paul\Rodrigo_De_Paul_14.jpg,https://i.ebayimg.com/images/g/Hf4AAOSwZZVjNhWj/s-l400.jpg,256,256
Rodrigo_De_Paul_15.jpg,Rodrigo De Paul,footballer_dataset\Rodrigo_De_Paul\Rodrigo_De_Paul_15.jpg,https://www.shutterstock.com/image-photo/madrid-spain-12-15-2024-260nw-2564881021.jpg,256,256
Rodrigo_De_Paul_16.jpg,Rodrigo De Paul,footballer_dataset\Rodrigo_De_Paul\Rodrigo_De_Paul_16.jpg,https://cdn.live4liverpool.com/wp-content/uploads/2021/03/2021-01-03T200207Z_1272664077_UP1EH131JNJWU_RTRMADP_3_SOCCER-ITALY-JUV-UDI-REPORT.jpg?width=800&aspect_ratio=16:10,256,256
Rodrigo_De_Paul_17.jpg,Rodrigo De Paul,footballer_dataset\Rodrigo_De_Paul\Rodrigo_De_Paul_17.jpg,https://www.shutterstock.com/editorial/image-editorial/M1T3M63eMdjaI0w0NDg4MjY=/atletico-madrid's-player-rodrigo-de-paul-attends-440nw-13602709f.jpg,256,256
Rodrigo_De_Paul_18.jpg,Rodrigo De Paul,footballer_dataset\Rodrigo_De_Paul\Rodrigo_De_Paul_18.jpg,https://www.shutterstock.com/editorial/image-editorial/M8T9M535N4j4Yb22NjY5MTM=/doha---rodrigo-de-paul-argentina-during-550nw-13646387cc.jpg,256,256
Rodrigo_De_Paul_19.jpg,Rodrigo De Paul,footballer_dataset\Rodrigo_De_Paul\Rodrigo_De_Paul_19.jpg,https://pbs.twimg.com/media/GfXJHwwWoAA2exr.jpg,256,256
Rodrigo_De_Paul_20.jpg,Rodrigo De Paul,footballer_dataset\Rodrigo_De_Paul\Rodrigo_De_Paul_20.jpg,https://i.ytimg.com/vi/NMhvJ4j8L8w/hq720.jpg?sqp=-oaymwE7CK4FEIIDSFryq4qpAy0IARUAAAAAGAElAADIQj0AgKJD8AEB-AH-CYAC0AWKAgwIABABGGUgVihKMA8=&rs=AOn4CLCulcUd82FcmoVgNTPmRIF2Xjxv1w,256,256
Rodrigo_De_Paul_21.jpg,Rodrigo De Paul,footballer_dataset\Rodrigo_De_Paul\Rodrigo_De_Paul_21.jpg,https://s.yimg.com/ny/api/res/1.2/iFZpDVNVbfrmSfuBqVzgAg--/YXBwaWQ9aGlnaGxhbmRlcjt3PTY0MDtoPTQyNw--/https://media.zenfs.com/es/lanacion.com.ar/17a280243d986c9cf3a19d4bb63c1982,256,256
Rodrigo_De_Paul_22.jpg,Rodrigo De Paul,footballer_dataset\Rodrigo_De_Paul\Rodrigo_De_Paul_22.jpg,"https://images2.minutemediacdn.com/image/upload/c_crop,w_2955,h_1662,x_0,y_77/c_fill,w_720,ar_16:9,f_auto,q_auto,g_auto/images/GettyImages/mmsport/90min_es_international_web/01gkprdcc8g0m9z8qx3m.jpg",256,256
Rodrigo_De_Paul_23.jpg,Rodrigo De Paul,footballer_dataset\Rodrigo_De_Paul\Rodrigo_De_Paul_23.jpg,https://cdn.record.pt/images/2022-10/img_476x268$2022_10_31_22_03_55_2057529.jpg,256,256
Rodrigo_De_Paul_24.jpg,Rodrigo De Paul,footballer_dataset\Rodrigo_De_Paul\Rodrigo_De_Paul_24.jpg,https://i.ebayimg.com/images/g/EgEAAOSwQ6BjetT3/s-l1200.jpg,256,256
Rodrigo_De_Paul_25.jpg,Rodrigo De Paul,footballer_dataset\Rodrigo_De_Paul\Rodrigo_De_Paul_25.jpg,https://static.wefut.com/assets/images/fut24/playeravatars/212616.png?242,256,256
Antoine_Griezmann_1.jpg,Antoine Griezmann,footballer_dataset\Antoine_Griezmann\Antoine_Griezmann_1.jpg,https://www.shutterstock.com/editorial/image-editorial/M3T9Q8y2M9j5U727MTIzOTY=/dortmund---antoine-griezmann-france-during-friendly-440nw-14095264iy.jpg,256,256
Antoine_Griezmann_2.jpg,Antoine Griezmann,footballer_dataset\Antoine_Griezmann\Antoine_Griezmann_2.jpg,https://icdn.football-espana.net/wp-content/uploads/2022/12/Antoine-Griezmann-France-770x513.jpg,256,256
Antoine_Griezmann_3.jpg,Antoine Griezmann,footballer_dataset\Antoine_Griezmann\Antoine_Griezmann_3.jpg,https://www.shutterstock.com/editorial/image-editorial/MfT6Q8y7Mcj4U727MTI2NTI=/dortmund---antoine-griezmann-france-during-friendly-440nw-14095264jj.jpg,256,256
Antoine_Griezmann_4.jpg,Antoine Griezmann,footballer_dataset\Antoine_Griezmann\Antoine_Griezmann_4.jpg,https://upload.wikimedia.org/wikipedia/commons/thumb/d/d2/Antoine_Griezmann_2018.jpg/300px-Antoine_Griezmann_2018.jpg,256,256
Antoine_Griezmann_5.jpg,Antoine Griezmann,footballer_dataset\Antoine_Griezmann\Antoine_Griezmann_5.jpg,https://www.fcbarcelonanoticias.com/uploads/s1/26/28/89/griezmann-atletico33-262889.jpeg,256,256
Antoine_Griezmann_6.jpg,Antoine Griezmann,footballer_dataset\Antoine_Griezmann\Antoine_Griezmann_6.jpg,https://ca-times.brightspotcdn.com/dims4/default/7046aa5/2147483647/strip/true/crop/546x655+0+0/resize/375x450!/quality/75/?url=https%3A%2F%2Fcalifornia-times-brightspot.s3.amazonaws.com%2F59%2Ff6%2F8df112b7458f88e7113f3a546019%2Fap19267696573081.jpg,256,256
Antoine_Griezmann_7.jpg,Antoine Griezmann,footballer_dataset\Antoine_Griezmann\Antoine_Griezmann_7.jpg,https://www.shutterstock.com/editorial/image-editorial/M3T9Mf08Ncz7g304MzE3MDg=/antoine-griezmann-atletico-de-madrid-440nw-13362808an.jpg,256,256
Antoine_Griezmann_8.jpg,Antoine Griezmann,footballer_dataset\Antoine_Griezmann\Antoine_Griezmann_8.jpg,https://e0.365dm.com/17/03/768x432/skysports-antoine-griezmann-france-atletico-madrid_3913803.jpg?20170321102753,256,256
Antoine_Griezmann_9.jpg,Antoine Griezmann,footballer_dataset\Antoine_Griezmann\Antoine_Griezmann_9.jpg,https://www.shutterstock.com/editorial/image-editorial/M2T5M4w1O0T9Q04cODIxOTc=/france's-forward-antoine-griezmann-lines-national-anthem-440nw-12982987l.jpg,256,256
Antoine_Griezmann_10.jpg,Antoine Griezmann,footballer_dataset\Antoine_Griezmann\Antoine_Griezmann_10.jpg,https://icdn.psgtalk.com/wp-content/uploads/2022/12/Antoine-Griezmann-France-v-Morocco-World-Cup-2022-630x354.jpg,256,256
Antoine_Griezmann_11.jpg,Antoine Griezmann,footballer_dataset\Antoine_Griezmann\Antoine_Griezmann_11.jpg,https://images.mykhel.com/img/2024/09/antoine-griezmann-1727692814459-600x340.jpg,256,256
Antoine_Griezmann_12.jpg,Antoine Griezmann,footballer_dataset\Antoine_Griezmann\Antoine_Griezmann_12.jpg,https://i.ytimg.com/vi/TBx_sVT1-mw/sddefault.jpg,256,256
Antoine_Griezmann_13.jpg,Antoine Griezmann,footballer_dataset\Antoine_Griezmann\Antoine_Griezmann_13.jpg,https://www.shutterstock.com/editorial/image-editorial/MdTcQ4yeM7j3Ub29MTUyNTE=/dortmund---antoine-griezmann-france-during-friendly-440nw-14095264pg.jpg,256,256
Antoine_Griezmann_14.jpg,Antoine Griezmann,footballer_dataset\Antoine_Griezmann\Antoine_Griezmann_14.jpg,https://assets-cms.thescore.com/uploads/image/file/621038/w640xh480_GettyImages-2084800894.jpg?ts=1710792495,256,256
Antoine_Griezmann_15.jpg,Antoine Griezmann,footballer_dataset\Antoine_Griezmann\Antoine_Griezmann_15.jpg,https://www.shutterstock.com/editorial/image-editorial/MdTeQ3y4M0j5Ub22MTczMjc=/dortmund---antoine-griezmann-france-during-friendly-440nw-14095264ua.jpg,256,256
Antoine_Griezmann_16.jpg,Antoine Griezmann,footballer_dataset\Antoine_Griezmann\Antoine_Griezmann_16.jpg,https://www.shutterstock.com/editorial/image-editorial/M3T9Qdx0M6D7Ic2aODEyNzg=/antoine-griezmann-during-uefa-euro-2024-european-440nw-13975900df.jpg,256,256
Antoine_Griezmann_17.jpg,Antoine Griezmann,footballer_dataset\Antoine_Griezmann\Antoine_Griezmann_17.jpg,https://www.thefashionisto.com/wp-content/uploads/2024/03/Antoine-Griezmann-Mango-Spring-2024-Campaign-007.jpg,256,256
Antoine_Griezmann_18.jpg,Antoine Griezmann,footballer_dataset\Antoine_Griezmann\Antoine_Griezmann_18.jpg,https://www.shutterstock.com/editorial/image-editorial/M2TaM93eOdT2g7xcNDU0NTM=/doha---antoine-griezmann-france-during-fifa-440nw-13677689a.jpg,256,256
Antoine_Griezmann_19.jpg,Antoine Griezmann,footballer_dataset\Antoine_Griezmann\Antoine_Griezmann_19.jpg,https://i.pinimg.com/564x/1a/a4/cd/1aa4cd34afa2dd70cb5b1c2989d21c72.jpg,256,256
Antoine_Griezmann_20.jpg,Antoine Griezmann,footballer_dataset\Antoine_Griezmann\Antoine_Griezmann_20.jpg,https://i2-prod.mirror.co.uk/incoming/article28200552.ece/ALTERNATES/n615/0_Atletico-de-Madrid-v-RC-Celta-LaLiga-Santander.jpg,256,256
Antoine_Griezmann_21.jpg,Antoine Griezmann,footballer_dataset\Antoine_Griezmann\Antoine_Griezmann_21.jpg,https://i.pinimg.com/736x/f3/71/5a/f3715aa28de72e642a919d935469f57a.jpg,256,256
Antoine_Griezmann_22.jpg,Antoine Griezmann,footballer_dataset\Antoine_Griezmann\Antoine_Griezmann_22.jpg,https://www.shutterstock.com/editorial/image-editorial/M0T8Md34OfT4M6z0NjMyOTI=/al-daayen---antoine-griezmann-france-during-440nw-13672558da.jpg,256,256
Antoine_Griezmann_23.jpg,Antoine Griezmann,footballer_dataset\Antoine_Griezmann\Antoine_Griezmann_23.jpg,https://img.a.transfermarkt.technology/portrait/big/125781-1662707795.jpg?lm=1,256,256
Antoine_Griezmann_24.jpg,Antoine Griezmann,footballer_dataset\Antoine_Griezmann\Antoine_Griezmann_24.jpg,"https://media.fashionnetwork.com/cdn-cgi/image/fit=cover,width=600,height=600,format=auto/m/15ed/0569/0ab4/6d17/0225/bb4a/780b/f9fe/44da/cb4e/cb4e.jpg",256,256
Antoine_Griezmann_25.jpg,Antoine Griezmann,footballer_dataset\Antoine_Griezmann\Antoine_Griezmann_25.jpg,https://i.pinimg.com/736x/9a/92/dd/9a92dd0eec07e50dc4c78febf4af352a.jpg,256,256
Julian_Alvarez_1.jpg,Julian Alvarez,footballer_dataset\Julian_Alvarez\Julian_Alvarez_1.jpg,https://09d1d85a2275582e9dad-7b3e649a230e2ba2cff912d8af17e0b5.ssl.cf1.rackcdn.com/1416764.jpeg,256,256
Julian_Alvarez_2.jpg,Julian Alvarez,footballer_dataset\Julian_Alvarez\Julian_Alvarez_2.jpg,https://madhyamamonline.com/h-upload/2022/12/01/500x300_1873572-1669743087638641ef7279816697430873x2rt.webp,256,256
Julian_Alvarez_3.jpg,Julian Alvarez,footballer_dataset\Julian_Alvarez\Julian_Alvarez_3.jpg,https://www.zerozero.pt/img/jogadores/new/57/80/675780_julian_alvarez_20240909211227.png,256,256
Julian_Alvarez_4.jpg,Julian Alvarez,footballer_dataset\Julian_Alvarez\Julian_Alvarez_4.jpg,https://phantom-marca-mx.unidadeditorial.es/afa775ebbd276d69957883602d29f722/resize/828/f/jpg/mx/assets/multimedia/imagenes/2023/11/04/16991182921418.jpg,256,256
Julian_Alvarez_5.jpg,Julian Alvarez,footballer_dataset\Julian_Alvarez\Julian_Alvarez_5.jpg,https://i.ytimg.com/vi/UCiwmjsOVTk/hq720.jpg?sqp=-oaymwEhCK4FEIIDSFryq4qpAxMIARUAAAAAGAElAADIQj0AgKJD&rs=AOn4CLB6oMzHenmq-f72-QKucgf3KjjAvQ,256,256
Julian_Alvarez_6.jpg,Julian Alvarez,footballer_dataset\Julian_Alvarez\Julian_Alvarez_6.jpg,https://media.tenor.com/cb9taNxwKr0AAAAe/julian-alvarez-alvarez.png,256,256
Julian_Alvarez_7.jpg,Julian Alvarez,footballer_dataset\Julian_Alvarez\Julian_Alvarez_7.jpg,https://cdn.images.express.co.uk/img/dynamic/67/590x/1934247_1.jpg,256,256
Julian_Alvarez_8.jpg,Julian Alvarez,footballer_dataset\Julian_Alvarez\Julian_Alvarez_8.jpg,https://www.euro-soccer-cards.com/151740-large_default/julian-alvarez-power-elite-atletico-madrid-p497.jpg,256,256
Julian_Alvarez_9.jpg,Julian Alvarez,footballer_dataset\Julian_Alvarez\Julian_Alvarez_9.jpg,https://shop.nationalfootballmuseum.com/cdn/shop/files/TM-03546-Manchester-City-FC-SoccerStarz-Alvarez.jpg?v=1695900961&width=533,256,256
Julian_Alvarez_10.jpg,Julian Alvarez,footballer_dataset\Julian_Alvarez\Julian_Alvarez_10.jpg,https://s.yimg.com/ny/api/res/1.2/rwl7fb2KM4Fpoaq0qus37Q--/YXBwaWQ9aGlnaGxhbmRlcjt3PTY0MDtoPTM2MA--/https://media.zenfs.com/en/anfield_watch_articles_625/10903d6066b6b953618ee87e9f7c9abf,256,256
Julian_Alvarez_11.jpg,Julian Alvarez,footballer_dataset\Julian_Alvarez\Julian_Alvarez_11.jpg,https://i.ebayimg.com/00/s/NjQ4WDQ1NA==/z/0WcAAOSwSzhlbGdD/$_12.JPG,256,256
Julian_Alvarez_12.jpg,Julian Alvarez,footballer_dataset\Julian_Alvarez\Julian_Alvarez_12.jpg,https://www.ociostock.com/productos/imagenes/img_381494_20793d024b2011639a86c9a030b83587_20.jpg,256,256
Julian_Alvarez_13.jpg,Julian Alvarez,footballer_dataset\Julian_Alvarez\Julian_Alvarez_13.jpg,https://icdn.football-espana.net/wp-content/uploads/2023/10/Julian-Alvarez-770x433.jpg,256,256
Julian_Alvarez_14.jpg,Julian Alvarez,footballer_dataset\Julian_Alvarez\Julian_Alvarez_14.jpg,https://img.allfootballapp.com/www/M00/35/6D/720x-/-/-/CgAGVWMsw7CAJMvjAACiCR46S9c228.jpg.webp,256,256
Julian_Alvarez_15.jpg,Julian Alvarez,footballer_dataset\Julian_Alvarez\Julian_Alvarez_15.jpg,https://media.tenor.com/Y1TN5Ew5DnwAAAAe/alvarez-julian-alvarez.png,256,256
Julian_Alvarez_16.jpg,Julian Alvarez,footballer_dataset\Julian_Alvarez\Julian_Alvarez_16.jpg,https://www.futbolred.com/files/article_main/uploads/2022/12/27/63ab83b1e63be.jpeg,256,256
Julian_Alvarez_17.jpg,Julian Alvarez,footballer_dataset\Julian_Alvarez\Julian_Alvarez_17.jpg,https://statico.sportskeeda.com/editor/2024/08/2cabe-17234759814838-1920.jpg?w=640,256,256
Julian_Alvarez_18.jpg,Julian Alvarez,footballer_dataset\Julian_Alvarez\Julian_Alvarez_18.jpg,https://cdn.images.express.co.uk/img/dynamic/67/590x/Man-City-Julian-Alvarez-1553775.webp?r=1642773406674,256,256
Julian_Alvarez_19.jpg,Julian Alvarez,footballer_dataset\Julian_Alvarez\Julian_Alvarez_19.jpg,https://i.ytimg.com/vi/tqeHmFBYRyU/hq720.jpg?sqp=-oaymwEhCK4FEIIDSFryq4qpAxMIARUAAAAAGAElAADIQj0AgKJD&rs=AOn4CLBSneo0beOe9COreNPhaBpMwlnVag,256,256
Julian_Alvarez_20.jpg,Julian Alvarez,footballer_dataset\Julian_Alvarez\Julian_Alvarez_20.jpg,https://preview.redd.it/our-most-exciting-young-player-posing-for-a-photograph-with-v0-yoln8lcut46b1.jpg?width=640&crop=smart&auto=webp&s=a131e2c607c99162c843a7f8fc6d8a6445cf6fd5,256,256
Julian_Alvarez_21.jpg,Julian Alvarez,footballer_dataset\Julian_Alvarez\Julian_Alvarez_21.jpg,https://i.ytimg.com/vi/WLYbd54FcyI/hq720.jpg?sqp=-oaymwEhCK4FEIIDSFryq4qpAxMIARUAAAAAGAElAADIQj0AgKJD&rs=AOn4CLCHBWodyO0jnTx0sx-4wrwRSxMreg,256,256
Julian_Alvarez_22.jpg,Julian Alvarez,footballer_dataset\Julian_Alvarez\Julian_Alvarez_22.jpg,https://img.allfootballapp.com/www/M00/35/62/720x-/-/-/CgAGVWMrb1-AfZiUAAOIu0dZ-j8946.jpg.webp,256,256
Julian_Alvarez_23.jpg,Julian Alvarez,footballer_dataset\Julian_Alvarez\Julian_Alvarez_23.jpg,https://e0.365dm.com/21/12/768x432/skysports-pep-guardiol-guardiola_5618157.jpg?20211217115459,256,256
Julian_Alvarez_24.jpg,Julian Alvarez,footballer_dataset\Julian_Alvarez\Julian_Alvarez_24.jpg,https://i.ebayimg.com/00/s/NjQ4WDQ1NA==/z/0WcAAOSwSzhlbGdD/$_57.JPG,256,256
Julian_Alvarez_25.jpg,Julian Alvarez,footballer_dataset\Julian_Alvarez\Julian_Alvarez_25.jpg,https://i.pinimg.com/474x/47/75/db/4775dbe38a99afd069094e583165433a.jpg,256,256
Lautaro_Martinez_1.jpg,Lautaro Martinez,footballer_dataset\Lautaro_Martinez\Lautaro_Martinez_1.jpg,https://www.zerozero.pt/img/planteis/706/7371706_.png,256,256
Lautaro_Martinez_2.jpg,Lautaro Martinez,footballer_dataset\Lautaro_Martinez\Lautaro_Martinez_2.jpg,https://dims.apnews.com/dims4/default/25ee98b/2147483647/strip/true/crop/2528x1731+0+0/resize/599x410!/quality/90/?url=https%3A%2F%2Fstorage.googleapis.com%2Fafs-prod%2Fmedia%2F076afe458a2e477084db1fbc204d8ec7%2F2528.jpeg,256,256
Lautaro_Martinez_3.jpg,Lautaro Martinez,footballer_dataset\Lautaro_Martinez\Lautaro_Martinez_3.jpg,https://upload.wikimedia.org/wikipedia/commons/thumb/2/2e/Lautaro_Martinez_ARGENTINA_VS_VENEZUELA_2017.jpg/360px-Lautaro_Martinez_ARGENTINA_VS_VENEZUELA_2017.jpg,256,256
Lautaro_Martinez_4.jpg,Lautaro Martinez,footballer_dataset\Lautaro_Martinez\Lautaro_Martinez_4.jpg,https://www.bitbol.co/files/image/49/49163/633da553c1dc6_360_480!.webp?s=2ab10a4a378455cb262e9d55307003c6&d=1664984657&oe=png,256,256
Lautaro_Martinez_5.jpg,Lautaro Martinez,footballer_dataset\Lautaro_Martinez\Lautaro_Martinez_5.jpg,https://i.ytimg.com/vi/ed4CTDlaF6o/hq720.jpg?sqp=-oaymwEhCK4FEIIDSFryq4qpAxMIARUAAAAAGAElAADIQj0AgKJD&rs=AOn4CLB7JDWWrsLXKkcZmzhNhsO_-hUIjA,256,256
Lautaro_Martinez_6.jpg,Lautaro Martinez,footballer_dataset\Lautaro_Martinez\Lautaro_Martinez_6.jpg,https://cdn.images.express.co.uk/img/dynamic/67/590x/1795622_1.jpg,256,256
Lautaro_Martinez_7.jpg,Lautaro Martinez,footballer_dataset\Lautaro_Martinez\Lautaro_Martinez_7.jpg,https://www.the-sun.com/wp-content/uploads/sites/6/2020/02/SPORT-PREVIEW-aubameyang-inter-2.jpg?w=620,256,256
Lautaro_Martinez_8.jpg,Lautaro Martinez,footballer_dataset\Lautaro_Martinez\Lautaro_Martinez_8.jpg,https://cdn.images.express.co.uk/img/dynamic/67/590x/secondary/Arsenal-Lautaro-3177622.jpg?r=1627755339290,256,256
Lautaro_Martinez_9.jpg,Lautaro Martinez,footballer_dataset\Lautaro_Martinez\Lautaro_Martinez_9.jpg,https://icdn.sempreinter.com/wp-content/uploads/2023/04/Lautaro-Martinez-2-1-525x350.jpg,256,256
Lautaro_Martinez_10.jpg,Lautaro Martinez,footballer_dataset\Lautaro_Martinez\Lautaro_Martinez_10.jpg,https://www.the-sun.com/wp-content/uploads/sites/6/2020/08/SPORT-PREVIEW-Lautaro-Khaldoon.jpg?w=620,256,256
Lautaro_Martinez_11.jpg,Lautaro Martinez,footballer_dataset\Lautaro_Martinez\Lautaro_Martinez_11.jpg,"https://images2.minutemediacdn.com/image/upload/c_crop,w_1909,h_1073,x_70,y_82/c_fill,w_720,ar_16:9,f_auto,q_auto,g_auto/images/voltaxMediaLibrary/mmsport/si/01j82twdt6s0p4vxtfbd.jpg",256,256
Lautaro_Martinez_12.jpg,Lautaro Martinez,footballer_dataset\Lautaro_Martinez\Lautaro_Martinez_12.jpg,https://icdn.sempreinter.com/wp-content/uploads/2021/08/Lautaro-Martinez-7-768x512.jpg,256,256
Lautaro_Martinez_13.jpg,Lautaro Martinez,footballer_dataset\Lautaro_Martinez\Lautaro_Martinez_13.jpg,https://static.displate.com/270x380/displate/2020-07-28/bf334c9611401875a15d003cd70fe187_aa7ef5ec2a2b56852267985754959a54.jpg,256,256
Lautaro_Martinez_14.jpg,Lautaro Martinez,footballer_dataset\Lautaro_Martinez\Lautaro_Martinez_14.jpg,https://i.ytimg.com/vi/OgCv8omRifY/hq720.jpg?sqp=-oaymwEhCK4FEIIDSFryq4qpAxMIARUAAAAAGAElAADIQj0AgKJD&rs=AOn4CLDBvPwhXdD3GbQ6ayFmkRgmgs7GYQ,256,256
Lautaro_Martinez_15.jpg,Lautaro Martinez,footballer_dataset\Lautaro_Martinez\Lautaro_Martinez_15.jpg,https://i.redd.it/maxed-lautaro-martinez-onana-v0-yy8dnvyqfpgd1.png?width=454&format=png&auto=webp&s=cd0f5d42a079d64c2109033d3e0175a709e0d194,256,256
Lautaro_Martinez_16.jpg,Lautaro Martinez,footballer_dataset\Lautaro_Martinez\Lautaro_Martinez_16.jpg,https://cdn.images.express.co.uk/img/dynamic/67/590x/Tottenham-Dusan-Vlahovic-1476229.jpg?r=1628869000543,256,256
Lautaro_Martinez_17.jpg,Lautaro Martinez,footballer_dataset\Lautaro_Martinez\Lautaro_Martinez_17.jpg,https://pbs.twimg.com/media/GOW5Pi4XkAAbrZs.jpg,256,256
Lautaro_Martinez_18.jpg,Lautaro Martinez,footballer_dataset\Lautaro_Martinez\Lautaro_Martinez_18.jpg,https://cdn.sofifa.net/players/231/478/25_360.png,256,256
Lautaro_Martinez_19.jpg,Lautaro Martinez,footballer_dataset\Lautaro_Martinez\Lautaro_Martinez_19.jpg,https://i.redd.it/lautaro-hair-v0-4revgr00toae1.jpg?width=674&format=pjpg&auto=webp&s=1fc7fded91effc652336c5f7b672216dcc1fc5a5,256,256
Lautaro_Martinez_20.jpg,Lautaro Martinez,footballer_dataset\Lautaro_Martinez\Lautaro_Martinez_20.jpg,https://static.displate.com/270x380/displate/2020-02-21/77d6e25782743d9ed4aedb221e7ac4c4_54503fb24780cb3b09691d5a60654f64.jpg,256,256
Lautaro_Martinez_21.jpg,Lautaro Martinez,footballer_dataset\Lautaro_Martinez\Lautaro_Martinez_21.jpg,https://library.sportingnews.com/styles/crop_style_16_9_desktop/s3/2021-08/cristiano-ronaldo-lautaro-martinez_q6ljnzqbscbx12emsqbk38yu9.jpg?itok=C7eYbQpW,256,256
Lautaro_Martinez_22.jpg,Lautaro Martinez,footballer_dataset\Lautaro_Martinez\Lautaro_Martinez_22.jpg,https://cdn.images.express.co.uk/img/dynamic/67/590x/Lautaro-Martinez-Tottenham-transfer-news-1473979.webp?r=1628426070865,256,256
Lautaro_Martinez_23.jpg,Lautaro Martinez,footballer_dataset\Lautaro_Martinez\Lautaro_Martinez_23.jpg,https://icdn.sempreinter.com/wp-content/uploads/2019/10/lautaro-martinez-18-768x512.jpg,256,256
Lautaro_Martinez_24.jpg,Lautaro Martinez,footballer_dataset\Lautaro_Martinez\Lautaro_Martinez_24.jpg,"https://m.media-amazon.com/images/I/51v044kwXpL._AC_UF894,1000_QL80_.jpg",256,256
Lautaro_Martinez_25.jpg,Lautaro Martinez,footballer_dataset\Lautaro_Martinez\Lautaro_Martinez_25.jpg,https://cdn.images.express.co.uk/img/dynamic/67/590x/Tottenham-Lautaro-Martinez-1589460.webp?r=1648752662913,256,256
Alexis_Mac_Allister_1.jpg,Alexis Mac Allister,footballer_dataset\Alexis_Mac_Allister\Alexis_Mac_Allister_1.jpg,https://i.dailymail.co.uk/1s/2024/07/18/23/87514661-13649455-image-m-16_1721341740243.jpg,256,256
Alexis_Mac_Allister_2.jpg,Alexis Mac Allister,footballer_dataset\Alexis_Mac_Allister\Alexis_Mac_Allister_2.jpg,https://www.zerozero.pt/img/jogadores/new/21/44/542144_alexis_mac_allister_20240817000159.png,256,256
Alexis_Mac_Allister_3.jpg,Alexis Mac Allister,footballer_dataset\Alexis_Mac_Allister\Alexis_Mac_Allister_3.jpg,https://backend.liverpoolfc.com/sites/default/files/styles/sm/public/acquiadam/2023-06/alexis-mac-allister-stats-080623.jpg?itok=TTwqrpku,256,256
Alexis_Mac_Allister_4.jpg,Alexis Mac Allister,footballer_dataset\Alexis_Mac_Allister\Alexis_Mac_Allister_4.jpg,https://i2-prod.liverpoolecho.co.uk/article30403109.ece/ALTERNATES/s615/0_GettyImages-2183912796.jpg,256,256
Alexis_Mac_Allister_5.jpg,Alexis Mac Allister,footballer_dataset\Alexis_Mac_Allister\Alexis_Mac_Allister_5.jpg,https://pics.filmaffinity.com/alexis_mac_allister-096179023879110-nm_200.jpg,256,256
Alexis_Mac_Allister_6.jpg,Alexis Mac Allister,footballer_dataset\Alexis_Mac_Allister\Alexis_Mac_Allister_6.jpg,https://i.ytimg.com/vi/KUF9C6BcBwM/hq720.jpg?sqp=-oaymwEhCK4FEIIDSFryq4qpAxMIARUAAAAAGAElAADIQj0AgKJD&rs=AOn4CLCP-V9U0WREomIOkQC4B8d2JE17PA,256,256
Alexis_Mac_Allister_7.jpg,Alexis Mac Allister,footballer_dataset\Alexis_Mac_Allister\Alexis_Mac_Allister_7.jpg,https://i2-prod.liverpoolecho.co.uk/article30318860.ece/ALTERNATES/s615/0_GettyImages-2182529604.jpg,256,256
Alexis_Mac_Allister_8.jpg,Alexis Mac Allister,footballer_dataset\Alexis_Mac_Allister\Alexis_Mac_Allister_8.jpg,https://www.thisisanfield.com/wp-content/uploads/Macca-Arsenal-600x400.jpg,256,256
Alexis_Mac_Allister_9.jpg,Alexis Mac Allister,footballer_dataset\Alexis_Mac_Allister\Alexis_Mac_Allister_9.jpg,https://www.irishnews.com/resizer/v2/IEF7B2QECRIVDCT7LRNJKZ3J3A.jpg?smart=true&auth=8bbea8f6164a31e3e52147466a9c6073118cc54d0feb4a0568a7180924f4a9d9&width=800&height=533,256,256
Alexis_Mac_Allister_10.jpg,Alexis Mac Allister,footballer_dataset\Alexis_Mac_Allister\Alexis_Mac_Allister_10.jpg,https://www.shutterstock.com/image-vector/bandung-indonesia-17-august-2023-600nw-2348731579.jpg,256,256
Alexis_Mac_Allister_11.jpg,Alexis Mac Allister,footballer_dataset\Alexis_Mac_Allister\Alexis_Mac_Allister_11.jpg,https://cdn.images.express.co.uk/img/dynamic/67/590x/1772623_1.jpg,256,256
Alexis_Mac_Allister_12.jpg,Alexis Mac Allister,footballer_dataset\Alexis_Mac_Allister\Alexis_Mac_Allister_12.jpg,https://i.ytimg.com/vi/MzIM6ez19rs/hq720.jpg?sqp=-oaymwEhCK4FEIIDSFryq4qpAxMIARUAAAAAGAElAADIQj0AgKJD&rs=AOn4CLDR1yClXGl_5pvj-DW7uZ26dJnqgA,256,256
Alexis_Mac_Allister_13.jpg,Alexis Mac Allister,footballer_dataset\Alexis_Mac_Allister\Alexis_Mac_Allister_13.jpg,https://i.ytimg.com/vi/AKTgxwq81SU/hq720.jpg?sqp=-oaymwEhCK4FEIIDSFryq4qpAxMIARUAAAAAGAElAADIQj0AgKJD&rs=AOn4CLD87qZIVkEqu788v6hfhqW1EcShsA,256,256
Alexis_Mac_Allister_14.jpg,Alexis Mac Allister,footballer_dataset\Alexis_Mac_Allister\Alexis_Mac_Allister_14.jpg,https://img.lagaceta.com.ar/fotos/notas/2022/12/08/600x400_alexis-mac-allister-972589-122136.webp,256,256
Alexis_Mac_Allister_15.jpg,Alexis Mac Allister,footballer_dataset\Alexis_Mac_Allister\Alexis_Mac_Allister_15.jpg,https://media.tycsports.com/files/2021/06/17/295363/mac-allister_416x234.jpg?v=1,256,256
Alexis_Mac_Allister_16.jpg,Alexis Mac Allister,footballer_dataset\Alexis_Mac_Allister\Alexis_Mac_Allister_16.jpg,https://i2-prod.mirror.co.uk/incoming/article29895493.ece/ALTERNATES/s615/0_MAIN-Brighton-chief-confirms-transfer-plan-already-in-place-as-Liverpool-eye-Alexis-Mac-Allister.jpg,256,256
Alexis_Mac_Allister_17.jpg,Alexis Mac Allister,footballer_dataset\Alexis_Mac_Allister\Alexis_Mac_Allister_17.jpg,https://i.ytimg.com/vi/5nUye1qzaAM/hq720.jpg?sqp=-oaymwEhCK4FEIIDSFryq4qpAxMIARUAAAAAGAElAADIQj0AgKJD&rs=AOn4CLBTZ0gKCsybmKM0CTOKzq2a5CnWJA,256,256
Alexis_Mac_Allister_18.jpg,Alexis Mac Allister,footballer_dataset\Alexis_Mac_Allister\Alexis_Mac_Allister_18.jpg,https://www.thesun.co.uk/wp-content/uploads/2022/12/RAS-OFF-PLATFORM-ALEXIS-MAC-ALLISTER.jpg?strip=all&w=620&h=413&crop=1,256,256
Alexis_Mac_Allister_19.jpg,Alexis Mac Allister,footballer_dataset\Alexis_Mac_Allister\Alexis_Mac_Allister_19.jpg,https://www.thesun.co.uk/wp-content/uploads/2023/03/HB-OFF-PLATFORM-MAC-ALLISTER-CHELSEA.jpg?w=620,256,256
Alexis_Mac_Allister_20.jpg,Alexis Mac Allister,footballer_dataset\Alexis_Mac_Allister\Alexis_Mac_Allister_20.jpg,https://backend.liverpoolfc.com/sites/default/files/styles/sm/public/acquiadam/2023-06/alexis-mac-allister-stats-080623.webp?itok=e0IZUrta,256,256
Alexis_Mac_Allister_21.jpg,Alexis Mac Allister,footballer_dataset\Alexis_Mac_Allister\Alexis_Mac_Allister_21.jpg,https://i2-prod.mirror.co.uk/incoming/article28944614.ece/ALTERNATES/s615/0_Argentina-v-France-Final-FIFA-World-Cup-Qatar-2022.jpg,256,256
Alexis_Mac_Allister_22.jpg,Alexis Mac Allister,footballer_dataset\Alexis_Mac_Allister\Alexis_Mac_Allister_22.jpg,https://i2-prod.liverpoolecho.co.uk/article30731238.ece/ALTERNATES/s615/0_Liverpool-FC-v-Manchester-United-FC-Premier-League.jpg,256,256
Alexis_Mac_Allister_23.jpg,Alexis Mac Allister,footballer_dataset\Alexis_Mac_Allister\Alexis_Mac_Allister_23.jpg,https://www.thisisanfield.com/wp-content/uploads/Klopp-MacAllister-600x400.jpg,256,256
Alexis_Mac_Allister_24.jpg,Alexis Mac Allister,footballer_dataset\Alexis_Mac_Allister\Alexis_Mac_Allister_24.jpg,https://i2-prod.liverpoolecho.co.uk/article29317348.ece/ALTERNATES/s615/0_Screenshot-2024-06-08-120104.jpg,256,256
Alexis_Mac_Allister_25.jpg,Alexis Mac Allister,footballer_dataset\Alexis_Mac_Allister\Alexis_Mac_Allister_25.jpg,https://www.shutterstock.com/editorial/image-editorial/M7T1M53bN3j3g618MDgxOTg=/alexis-mac-allister-arg-during-world-cup-440nw-13648086cc.jpg,256,256
